INSERT INTO public.tb_users
(id, active, created_at, updated_at, uuid, "password", username)
VALUES(1, true, '2021-07-26 12:57:45.173', NULL, '265edc33-3d7d-4747-bd51-28ea4e796049', 'JMcYK', 'IlWdr');
INSERT INTO public.tb_users
(id, active, created_at, updated_at, uuid, "password", username)
VALUES(2, true, '2021-07-26 12:57:48.508', NULL, '3a94418f-ac0d-4993-aa8e-52e6e78cab52', 'UXmr3', 'eA1Vu');
INSERT INTO public.tb_users
(id, active, created_at, updated_at, uuid, "password", username)
VALUES(3, true, '2021-07-26 12:57:52.795', NULL, 'e6ea57a0-8b8c-4a07-8a1b-edb105ae194b', 'WoojH', 'XEFzq');
INSERT INTO public.tb_users
(id, active, created_at, updated_at, uuid, "password", username)
VALUES(4, true, '2021-07-26 12:58:04.480', NULL, '7e2a5490-23d0-45a6-ac26-280b3ddd0f29', 'W4Fzn', 'Nz22t');
INSERT INTO public.tb_users
(id, active, created_at, updated_at, uuid, "password", username)
VALUES(5, true, '2021-07-26 12:58:14.169', NULL, '19adbcc9-325e-4c31-b38b-e394b974e73e', '1DgnV', 'uliLy');


INSERT INTO public.tb_persons
(id, active, created_at, updated_at, city, complement, country, neighborhood, "number", postal_code, street, birthday, doc, "name", id_user)
VALUES(1, true, '2021-07-26 12:57:45.180', NULL, NULL, NULL, NULL, NULL, NULL, NULL, NULL, NULL, '39126093227', 'Attentive Associate', 1);
INSERT INTO public.tb_persons
(id, active, created_at, updated_at, city, complement, country, neighborhood, "number", postal_code, street, birthday, doc, "name", id_user)
VALUES(2, true, '2021-07-26 12:57:48.510', NULL, NULL, NULL, NULL, NULL, NULL, NULL, NULL, NULL, '62853262901', 'Cute Stupid', 2);
INSERT INTO public.tb_persons
(id, active, created_at, updated_at, city, complement, country, neighborhood, "number", postal_code, street, birthday, doc, "name", id_user)
VALUES(3, true, '2021-07-26 12:57:52.796', NULL, NULL, NULL, NULL, NULL, NULL, NULL, NULL, NULL, '61155774116', 'Unnatural Formal', 3);
INSERT INTO public.tb_persons
(id, active, created_at, updated_at, city, complement, country, neighborhood, "number", postal_code, street, birthday, doc, "name", id_user)
VALUES(4, true, '2021-07-26 12:58:04.481', NULL, NULL, NULL, NULL, NULL, NULL, NULL, NULL, NULL, '55850845852', 'Astonishing Rain', 4);
INSERT INTO public.tb_persons
(id, active, created_at, updated_at, city, complement, country, neighborhood, "number", postal_code, street, birthday, doc, "name", id_user)
VALUES(5, true, '2021-07-26 12:58:14.170', NULL, NULL, NULL, NULL, NULL, NULL, NULL, NULL, NULL, '89338496104', 'Clueless Budget', 5);


INSERT INTO public.tb_pauta
(id, active, created_at, updated_at, uuid, code, description, "open", theme)
VALUES(1, true, '2021-07-26 10:31:40.193', NULL, '16c54f6d-2409-48bb-bfbe-af6b62ce8851', NULL, 'RESUMO As iniciativas de educação corporativa vêm se institucionalizando como elemento de competitividade entre países (LANVIN; EVANS, 2013), organizações (EBOLI et al. 2010) e indivíduos (SARSUR, 2010', true, 'POLÍTICAS DE EDUCAÇÃO CORPORATIVA E O PROCESSO DE CERTIFICAÇÃO BANCÁRIA: DISTINTOS ATORES E PERSPECTIVAS');
INSERT INTO public.tb_pauta
(id, active, created_at, updated_at, uuid, code, description, "open", theme)
VALUES(2, true, '2021-07-26 10:31:54.678', NULL, '04984d8f-dc0e-440f-82a2-2d8a40bf96ae', NULL, 'Este artigo aplica o modelo Panzar-Rosse para avaliar o nível de concorrência no setor bancário brasileiro. A amostra cobre 62 bancos no período de julho de 1994 a fevereiro de 2012. É dada especial atenção à presença de variáveis de escala na regressão, à existência de componentes sazonais nas séries temporais financeiras e à normaliz', true, 'COMPETIÇÃO BANCÁRIA NA ECONOMIA BRASILEIRA');
INSERT INTO public.tb_pauta
(id, active, created_at, updated_at, uuid, code, description, "open", theme)
VALUES(3, true, '2021-07-26 10:57:06.364', NULL, '17855d44-618c-4f67-b685-7f0b1cb9206c', NULL, 'RESUMO As iniciativas de educação corporativa vêm se institucionalizando como elemento de competitividade entre países (LANVIN; EVANS, 2013), organizações (EBOLI et al. 2010) e indivíduos (SARSUR, 2010', true, 'POLÍTICAS DE EDUCAÇÃO CORPORATIVA E O PROCESSO DE CERTIFICAÇÃO BANCÁRIA: DISTINTOS ATORES E PERSPECTIVAS');
INSERT INTO public.tb_pauta
(id, active, created_at, updated_at, uuid, code, description, "open", theme)
VALUES(4, true, '2021-07-26 12:49:38.545', NULL, '50b40316-f231-4ae4-9c5c-c68ab41e4074', NULL, 'Apesar dos diversos estudos que se desenvolveram nos últimos anos enfocando o crescimento dos chamados correspondentes bancários (CBs) como canal de distribuição de serviços financeiros à população de baixa renda no Brasil, existe uma importante lacuna nessa literatura, relacionada à compreensão das diferentes formas pelas quais redes de CBs podem', true, 'UM MAPEAMENTO DESCRITIVO DOS MODELOS DE GESTÃO DE REDES DE CORRESPONDENTES BANCÁRIOS NO BRASIL');
INSERT INTO public.tb_pauta
(id, active, created_at, updated_at, uuid, code, description, "open", theme)
VALUES(5, true, '2021-07-26 12:49:43.863', NULL, 'c4df6471-d603-4d4d-9ae4-5729b6ac3480', NULL, 'RESUMO O artigo aborda o uso da informação para tomada de decisão em gestão de pessoas de gestores de agências bancárias. Os objetivos específicos são (i) identificar os canais e as fontes de informação utilizadas; (ii) identificar as principais barreiras enfrentadas; (iii) descrever os usos das informações do sistema de informação gerencial de', true, 'ANÁLISE DO USO DA INFORMAÇÃO PARA TOMADA DE DECISÃO GERENCIAL EM GESTÃO DE PESSOAS: ESTUDO DE CASO EM UMA INSTITUIÇÃO BANCÁRIA');
INSERT INTO public.tb_pauta
(id, active, created_at, updated_at, uuid, code, description, "open", theme)
VALUES(7, true, '2021-07-26 12:50:01.094', '2021-07-26 16:03:59.129', '5b896825-cbb9-4c13-8bb5-43efbd8fd3e5', NULL, 'Este artigo aplica o modelo Panzar-Rosse para avaliar o nível de concorrência no setor bancário brasileiro. A amostra cobre 62 bancos no período de julho de 1994 a fevereiro de 2012. É dada especial atenção à presença de variáveis de escala na regressão, à existência de componentes sazonais nas séries temporais financeiras e à normaliz', false, 'COMPETIÇÃO BANCÁRIA NA ECONOMIA BRASILEIRA');
INSERT INTO public.tb_pauta
(id, active, created_at, updated_at, uuid, code, description, "open", theme)
VALUES(6, true, '2021-07-26 12:49:54.828', '2021-07-26 16:06:41.988', 'f13f6279-b232-4cf8-ab08-edd653866eaa', NULL, 'Estimar a prevalência de casos sugestivos de LER/DORT e fatores associados três décadas após a reestruturação bancária. MÉTODOS: Estudo transversal com 356 funcionários de 27 agências bancárias das redes pública e privada de Porto Alegre, RS, entre abril e agosto de 2009. Foi utilizada análise estatística bruta e ajustada pelo modelo', false, 'LER/DORT NA TERCEIRA DÉCADA DA REESTRUTURAÇÃO BANCÁRIA: NOVOS FATORES ASSOCIADOS?');


INSERT INTO public.tb_sessao
(id, active, created_at, updated_at, uuid, duration_minutes, end_time, info, "name", start_time, id_pauta)
VALUES(1, true, '2021-07-26 10:57:09.783', NULL, '561f1afd-17d9-42dc-a48b-aab36c291a76', 5, '2021-07-26 11:02:09.771', 'Sessão de votação', 'COD: RZpt9', '2021-07-26 10:57:09.771', 3);
INSERT INTO public.tb_sessao
(id, active, created_at, updated_at, uuid, duration_minutes, end_time, info, "name", start_time, id_pauta)
VALUES(2, true, '2021-07-26 11:02:36.143', NULL, '445cdba4-7679-404b-b520-2bcab7c441c5', 5, '2021-07-26 11:07:36.137', 'Sessão de votação', 'COD: 9gLwE', '2021-07-26 11:02:36.137', 3);
INSERT INTO public.tb_sessao
(id, active, created_at, updated_at, uuid, duration_minutes, end_time, info, "name", start_time, id_pauta)
VALUES(3, true, '2021-07-26 11:08:01.065', NULL, 'd10aca02-c0a7-4b88-be17-cc395d9bda8d', 5, '2021-07-26 11:13:01.053', 'Sessão de votação', 'COD: 7ketG', '2021-07-26 11:08:01.053', 3);
INSERT INTO public.tb_sessao
(id, active, created_at, updated_at, uuid, duration_minutes, end_time, info, "name", start_time, id_pauta)
VALUES(4, true, '2021-07-26 11:58:56.639', NULL, '972633e5-fa16-4b20-8631-8741719c7dd0', 5, '2021-07-26 12:03:56.624', 'Sessão de votação', 'COD: RE47x', '2021-07-26 11:58:56.624', 3);
INSERT INTO public.tb_sessao
(id, active, created_at, updated_at, uuid, duration_minutes, end_time, info, "name", start_time, id_pauta)
VALUES(5, true, '2021-07-26 12:08:39.601', NULL, '6c00d97e-00b2-45a3-91ed-86f4a911a1e9', 5, '2021-07-26 12:13:39.573', 'Sessão de votação', 'COD: W0XAE', '2021-07-26 12:08:39.573', 3);
INSERT INTO public.tb_sessao
(id, active, created_at, updated_at, uuid, duration_minutes, end_time, info, "name", start_time, id_pauta)
VALUES(6, true, '2021-07-26 12:17:04.973', NULL, '9c0291f5-068f-4d85-9a99-d9a0e76d08c6', 5, '2021-07-26 12:22:04.960', 'Sessão de votação', 'COD: Z6NHy', '2021-07-26 12:17:04.960', 3);
INSERT INTO public.tb_sessao
(id, active, created_at, updated_at, uuid, duration_minutes, end_time, info, "name", start_time, id_pauta)
VALUES(7, true, '2021-07-26 12:30:57.130', NULL, 'f8f715c0-f967-4c54-b738-cff3cdd2712e', 5, '2021-07-26 12:35:57.118', 'Sessão de votação', 'COD: AZdOS', '2021-07-26 12:30:57.118', 3);
INSERT INTO public.tb_sessao
(id, active, created_at, updated_at, uuid, duration_minutes, end_time, info, "name", start_time, id_pauta)
VALUES(8, true, '2021-07-26 12:36:48.023', NULL, 'd8372b34-ef91-4432-b4b0-b0ffb6e59df7', 5, '2021-07-26 12:41:47.997', 'Sessão de votação', 'COD: 2bvfg', '2021-07-26 12:36:47.997', 3);
INSERT INTO public.tb_sessao
(id, active, created_at, updated_at, uuid, duration_minutes, end_time, info, "name", start_time, id_pauta)
VALUES(9, true, '2021-07-26 12:40:16.093', NULL, '99b1dd71-5852-4b3c-bdb1-7da94cc16f9f', 5, '2021-07-26 12:45:16.090', 'Sessão de votação', 'COD: tUb5J', '2021-07-26 12:40:16.090', 2);
INSERT INTO public.tb_sessao
(id, active, created_at, updated_at, uuid, duration_minutes, end_time, info, "name", start_time, id_pauta)
VALUES(10, true, '2021-07-26 12:40:22.082', NULL, 'a6e8ed40-940a-4825-8929-dda45ccd6005', 5, '2021-07-26 12:45:22.075', 'Sessão de votação', 'COD: k1Gog', '2021-07-26 12:40:22.075', 1);
INSERT INTO public.tb_sessao
(id, active, created_at, updated_at, uuid, duration_minutes, end_time, info, "name", start_time, id_pauta)
VALUES(11, true, '2021-07-26 12:46:11.563', NULL, '7b985d5d-a9e2-41b1-8d3f-ac83791eedb0', 5, '2021-07-26 12:51:11.560', 'Sessão de votação', 'COD: Ohqci', '2021-07-26 12:46:11.560', 2);
INSERT INTO public.tb_sessao
(id, active, created_at, updated_at, uuid, duration_minutes, end_time, info, "name", start_time, id_pauta)
VALUES(12, true, '2021-07-26 12:56:49.268', NULL, '036e5df8-0273-407b-817f-b850212409ae', 5, '2021-07-26 13:01:49.265', 'Sessão de votação', 'COD: RibiR', '2021-07-26 12:56:49.265', 1);
INSERT INTO public.tb_sessao
(id, active, created_at, updated_at, uuid, duration_minutes, end_time, info, "name", start_time, id_pauta)
VALUES(13, true, '2021-07-26 13:33:08.472', NULL, '6cbc6db9-81f6-454a-8f28-f56388aa96a7', 5, '2021-07-26 13:38:08.444', 'Sessão de votação', 'COD: bWR7s', '2021-07-26 13:33:08.444', 7);
INSERT INTO public.tb_sessao
(id, active, created_at, updated_at, uuid, duration_minutes, end_time, info, "name", start_time, id_pauta)
VALUES(14, true, '2021-07-26 13:41:49.561', NULL, 'a28b2452-9a82-42a1-bfd0-ca4a2690e187', 5, '2021-07-26 13:46:49.559', 'Sessão de votação', 'COD: sC311', '2021-07-26 13:41:49.559', 7);
INSERT INTO public.tb_sessao
(id, active, created_at, updated_at, uuid, duration_minutes, end_time, info, "name", start_time, id_pauta)
VALUES(15, true, '2021-07-26 16:02:45.115', NULL, 'ecba3bb8-5c4a-49ca-a67c-3579f83a92ce', 5, '2021-07-26 16:07:45.104', 'Sessão de votação', 'COD: kxXSj', '2021-07-26 16:02:45.104', 7);
INSERT INTO public.tb_sessao
(id, active, created_at, updated_at, uuid, duration_minutes, end_time, info, "name", start_time, id_pauta)
VALUES(16, true, '2021-07-26 16:05:39.792', NULL, '000c9172-2560-4025-b3a7-fbd09c8e9ab7', 5, '2021-07-26 16:10:39.787', 'Sessão de votação', 'COD: qqAPM', '2021-07-26 16:05:39.787', 6);
INSERT INTO public.tb_sessao
(id, active, created_at, updated_at, uuid, duration_minutes, end_time, info, "name", start_time, id_pauta)
VALUES(17, true, '2021-07-26 16:22:19.960', NULL, 'd6217767-1bc5-4191-9354-b8c0df98cbc4', 5, '2021-07-26 16:27:19.944', 'Sessão de votação', 'COD: DQ7Hn', '2021-07-26 16:22:19.944', 5);



INSERT INTO public.tb_sessao_votos
(id, active, created_at, updated_at, uuid, vote, id_sessao, id_user)
VALUES(1, true, '2021-07-26 16:05:46.673', NULL, '70fb5d26-b2bc-4fce-9ba2-dd52c4236847', 'Y', 16, 1);
INSERT INTO public.tb_sessao_votos
(id, active, created_at, updated_at, uuid, vote, id_sessao, id_user)
VALUES(2, true, '2021-07-26 16:05:58.757', NULL, '87397470-b30f-4f3f-a18e-c13495931fc1', 'N', 16, 5);
INSERT INTO public.tb_sessao_votos
(id, active, created_at, updated_at, uuid, vote, id_sessao, id_user)
VALUES(3, true, '2021-07-26 16:06:15.448', NULL, '1c48a6f6-9ef3-4776-bf35-423a4161ada3', 'Y', 16, 3);


select  setval('public.tb_pauta_id_seq', (select max(id)+1 from public.tb_pauta));
select  setval('public.tb_persons_id_seq', (select max(id)+1 from tb_persons));
select  setval('public.tb_sessao_id_seq', (select max(id)+1 from tb_sessao));
select  setval('public.tb_sessao_votos_id_seq', (select max(id)+1 from tb_sessao_votos tsv));
select  setval('public.tb_users_id_seq', (select max(id)+1 from tb_users tu));
